<application>
  <component name="BaseRefactoringSettings">
    <option name="SAFE_DELETE_WHEN_DELETE" value="false" />
    <option name="SAFE_DELETE_SEARCH_IN_COMMENTS" value="false" />
  </component>
  <component name="RefactoringSettings">
    <option name="MOVE_PREVIEW_USAGES" value="false" />
    <option name="MOVE_SEARCH_IN_COMMENTS" value="false" />
    <option name="MOVE_SEARCH_FOR_TEXT" value="false" />
    <option name="INTRODUCE_FIELD_VISIBILITY" value="private" />
    <option name="INTRODUCE_LOCAL_CREATE_FINALS" value="false" />
  </component>
</application>