<application>
  <component name="com.intellij.ide.ui.customization.CustomActionsSchema">
    <group value="ShowSettings" is_action="true" action_type="1" position="2">
      <path value="root" />
      <path value="Main Toolbar" />
      <path value="Android.MainToolBarActionGroup" />
      <option name="myInitialPosition" value="-1" />
    </group>
    <group value="Android.RunDdms" is_action="true" action_type="1" position="2">
      <path value="root" />
      <path value="Main Toolbar" />
      <path value="Android.MainToolBarSdkGroup" />
      <option name="myInitialPosition" value="-1" />
    </group>
    <group value="ShowSettings" is_action="true" action_type="1" position="7">
      <path value="root" />
      <path value="Navigation Bar Toolbar" />
      <option name="myInitialPosition" value="-1" />
    </group>
  </component>
</application>