<application>
  <component name="TemplateSettings">
    <option name="deletedKeys">
      <list>
        <TemplateKey>
          <option name="groupName" value="iterations" />
          <option name="key" value="fori" />
        </TemplateKey>
        <TemplateKey>
          <option name="groupName" value="Android" />
          <option name="key" value="fbc" />
        </TemplateKey>
        <TemplateKey>
          <option name="groupName" value="Android" />
          <option name="key" value="foreach" />
        </TemplateKey>
        <TemplateKey>
          <option name="groupName" value="AndroidLog" />
          <option name="key" value="logt" />
        </TemplateKey>
      </list>
    </option>
  </component>
</application>