<application>
  <component name="AppStorage">
    <histories>
      <item value="@deprecated Automatic switching of dark/light based on the current time is deprecated. Considering using an explicit setting, or {@link #MODE_NIGHT_AUTO_BATTERY}." />
      <item value="状态栏" />
      <item value="remember" />
      <item value="Translucent" />
      <item value="Transparent" />
      <item value="On SDK version 23 and up, your app data will be automatically backed up and restored on app install. Consider adding the attribute android:fullBackupContent to specify an @xml resource which configures which files to backup. More info:" />
      <item value="Strategy" />
      <item value="resolution" />
      <item value="Cannot find a version of 'androidx.core:core' that satisfies the version constraints:" />
      <item value="nable to resolve dependency for" />
      <item value="knock" />
      <item value="insecure content from" />
      <item value="Synchronous XMLHttpRequest on the main thread is deprecated because of its detrimental effects to the end user's experience." />
      <item value="map" />
      <item value="Varargs" />
      <item value="Expected a string but was BEGIN_OBJECT at line 1 column 54 path $.datas" />
      <item value="Hands-free" />
      <item value="stereo" />
      <item value="Declaring" />
      <item value="Specify a specific process that the associated code is to run in. Use with the application tag (to supply a default process for all application components), or with the activity, receiver, service, or provider tag (to supply a specific icon for that component). Application components are normally run in a single process that is created for the entire application. You can use this tag to modify where they run. If the process name begins with a ':' character, a new process private to that application will be created when needed to run that component (allowing you to spread your application across multiple processes). If the process name begins with a lower-case character, the component will be run in a global process of that name, provided that you have permission to do so, allowing multiple applications to share one process to reduce resource usage." />
      <item value="declared" />
      <item value="Notify the host application that a loading URL has been flagged by Safe Browsing. The application must invoke the callback to indicate the preferred response. The default behavior is to show an interstitial to the user, with the reporting checkbox visible. If the application needs to show its own custom interstitial UI, the callback can be invoked asynchronously with {@link SafeBrowsingResponse#backToSafety} or {@link SafeBrowsingResponse#proceed}, depending on user response." />
      <item value="whether the request was made for the main frame. Will be {@code false} for iframes, for example." />
      <item value="Gets whether the request was made for the main frame." />
      <item value="Notify the host application of a resource request and allow the application to return the data. If the return value is null, the WebView will continue to load the resource as usual. Otherwise, the return response and data will be used. NOTE: This method is called on a thread other than the UI thread so clients should exercise caution when accessing private data or the view system." />
      <item value="migrate" />
      <item value="verify" />
      <item value="Evaluate" />
      <item value="consumer" />
      <item value="剪贴板" />
      <item value="dock pinned" />
      <item value="Report a JavaScript console message to the host application. The ChromeClient should override this to process the log message as they see fit." />
      <item value="人脸识别" />
      <item value="explore" />
      <item value="话题" />
      <item value="ORIENTATION" />
      <item value="LAGGING" />
      <item value="Register a callback to be invoked when an informational event occurs during playback or setup." />
      <item value="FACE DETECT" />
      <item value="FACE RECOGNITION" />
      <item value="DETECT" />
      <item value="RECOGNITION" />
      <item value="confidence" />
      <item value="key is invalid, reason:" />
      <item value="proguard" />
      <item value="android" />
      <item value="apache" />
    </histories>
    <option name="languageScores">
      <map>
        <entry key="CHINESE" value="38" />
        <entry key="ENGLISH" value="39" />
        <entry key="VIETNAMESE" value="2" />
      </map>
    </option>
  </component>
  <component name="Settings">
    <option name="ignoreRegExp" value="" />
  </component>
</application>