<application>
  <component name="AppStorage">
    <histories>
      <item value="gray" />
      <item value="black" />
      <item value="Ripple" />
      <item value="Console" />
      <item value="间隔" />
      <item value="PRESENT" />
      <item value="velocity to initiate a fling, as measured in pixels per second." />
      <item value="generate" />
      <item value="Apply single debouncing for the view's click." />
      <item value="Apply global debouncing for the view's click." />
      <item value="Debouncing" />
      <item value="scratch" />
      <item value="server" />
      <item value="ordinal" />
      <item value="Compilation is not supported for following modules: ScannerServiceSettingsTest, app. Unfortunately you can't have non-Gradle Java modules and Android-Gradle modules in one project." />
      <item value="Dashed" />
      <item value="The resource ID for a layout file containing a layout to use when instantiating views." />
      <item value="Part" />
      <item value="Decor" />
      <item value="Delta" />
      <item value="production" />
      <item value="mark" />
      <item value="axis space from the largest value to the top in percent of the total axis range" />
      <item value="Renderer" />
      <item value="Maximum" />
      <item value="offset into the intervals array" />
      <item value="if enabled, the set label count will be forced, meaning that the exact specified count of labels will be drawn and evenly distributed alongside the axis - this might cause labels to have uneven values" />
      <item value="Chart" />
      <item value="x4 DataSet" />
      <item value="Count" />
      <item value="force" />
      <item value="offset, in degrees (normally, use 0)" />
      <item value="phase" />
      <item value="the number of y-axis labels that should be displayed" />
      <item value="Sets the number of label entries for the y-axis max = 25, min = 2, default: 6, be aware that this number is not fixed." />
      <item value="only intervals of 1 day" />
      <item value="Granularity" />
      <item value="Grid" />
      <item value="Pinch" />
      <item value="scaling can now only be done on x- and y-axis separately" />
      <item value="if more than 60 entries are displayed in the chart, no values will be drawn" />
      <item value="sets the number of maximum visible drawn values on the chart only active when setDrawValues() is enabled" />
      <item value="Shadow" />
      <item value="materail" />
      <item value="weight" />
      <item value="Set this to true if this component should be enabled (should be drawn), false if not. If disabled, nothing of this component will be drawn. Default: true" />
      <item value="Set this to false to disable all gestures and touches on the chart, default: true" />
      <item value="Axis" />
      <item value="Returns the Description object of the chart that is responsible for holding all information related to the description text that is displayed in the bottom right corner of the chart (by default)." />
      <item value="Automatically convert third-party libraries to use AndroidX" />
    </histories>
    <option name="languageScores">
      <map>
        <entry key="CHINESE" value="94" />
        <entry key="ENGLISH" value="95" />
        <entry key="VIETNAMESE" value="2" />
      </map>
    </option>
  </component>
  <component name="Cache">
    <option name="lastTrimTime" value="1613972684968" />
  </component>
</application>